cluster,age,bmi,waist_circumference_cm,systolic_bp_mmHg,diastolic_bp_mmHg,total_cholesterol_mg_dL,hdl_cholesterol_mg_dL,ldl_cholesterol_mg_dL,fasting_glucose_mg_dL,insulin_uU_mL,phq9_total_score
0,49.24295010845987,27.782023834593332,94.16830102308252,125.59023172150259,75.24367696005098,200.3232548058842,49.58665643321063,119.80386751202325,97.87482382245061,2.000072462499837,26.70715835140998
1,50.675414364640886,27.880809018051973,95.87724400724701,127.66337607727246,75.3757640820484,197.0444473853014,51.25639205995047,114.82252241517747,102.46110611802433,10.591152839076157,20.517265193370164
2,48.96331138287864,27.724455458774134,94.56883097163717,122.25854222370084,75.81173414126947,195.95056319906507,51.18792493580687,124.93753796940283,94.74763004715727,26.15969249096368,22.970837253057386
3,48.767175572519086,27.735439204388555,95.06922866048144,126.34529236352185,75.00945479363456,202.56540670286495,49.93720477207388,119.05413715196158,60.00017828888794,16.7383879006095,27.263358778625953
4,47.966024915062285,28.20895257171196,94.67497407617951,124.53369860465645,74.38677267057341,204.44717320038444,48.06334708106163,121.07543662001162,107.87073050735418,16.603576380958863,35.24235560588902
